Username,Password,Role
100000,Jocelyn T. Marsh,Patentee
100005,Patricia Z. Patton,Patentee
100010,Chandler L. Hester,Patentee
100015,Ann N. Wade,Patentee
100024,George F. Arnold,Patentee
100026,Hermione M. Moore,Patentee
100034,Mara F. Larson,Patentee
100042,Fuller D. Morton,Patentee
100043,Timothy N. Contreras,Patentee
100051,Katell N. Weaver,Patentee
100053,Signe A. Velasquez,Patentee
100055,Berk N. Garrett,Patentee
100062,Hayden F. Roy,Patentee
100071,Edan T. Quinn,Patentee
100075,Quemby P. Nielsen,Patentee
100080,Miriam R. Romero,Patentee
100081,George U. Fisher,Patentee
100087,Raja L. Garner,Patentee
100090,Bethany B. Craft,Patentee
100096,Aidan Z. Callahan,Patentee
100101,Zenaida Z. Holden,Patentee
100102,Bertha H. Hoover,Patentee
100105,Colin N. Ryan,Patentee
100110,Garrison Y. Sharpe,Patentee
100119,Ria Y. Franks,Patentee
100128,Uriel V. Wilcox,Patentee
100131,Ross O. Callahan,Patentee
100140,Fletcher O. Howard,Patentee
100145,Owen I. Cruz,Patentee
100146,Olga D. Kim,Patentee
100150,Nicholas M. Hall,Patentee
100156,Taylor Z. Terry,Patentee
100160,Libby H. Fulton,Patentee
100164,Jameson A. Flores,Patentee
100167,Kyra H. Gonzalez,Patentee
100173,Piper G. Casey,Patentee
100181,Fitzgerald M. Guerrero,Patentee
100184,Taylor J. Hancock,Patentee
100190,Simone X. Lewis,Patentee
100191,Carolyn G. Ware,Patentee
100196,Simone D. Pena,Patentee
100198,Christian J. Burks,Patentee
100203,Blair Q. Sherman,Patentee
100211,Joshua Z. Frazier,Patentee
100219,Keegan Y. Bray,Patentee
100225,Calista K. Ratliff,Patentee
100234,Gwendolyn C. Hood,Patentee
100238,Lester T. Johnson,Patentee
100239,Dillon P. Alvarado,Patentee
100240,Ariana E. Kent,Patentee
100247,Simon I. Castro,Patentee
100250,Reuben A. Knowles,Patentee
100252,Isabelle G. Hahn,Patentee
100258,Jarrod W. Wall,Patentee
100265,Lois I. Cole,Patentee
100268,Bernard W. Gallegos,Patentee
100269,Suki F. Yang,Patentee
100277,Ella F. Hampton,Patentee
100286,Joy U. Blake,Patentee
100290,Timothy H. Alford,Patentee
100295,Mark J. Raymond,Patentee
100298,Alec H. Porter,Patentee
100305,Whilemina M. Vance,Patentee
100308,Steven J. Oneil,Patentee
100317,Patrick U. Carter,Patentee
100322,Tatiana M. Noel,Patentee
100330,Mufutau M. Rollins,Patentee
100336,Camille L. Tate,Patentee
100338,Kuame S. Marsh,Patentee
100344,Brielle F. Marquez,Patentee
100346,Jasmine P. Abbott,Patentee
100355,Gloria M. Moss,Patentee
100364,Gregory U. Levine,Patentee
100368,Grant S. Wilcox,Patentee
100370,Malachi D. Velez,Patentee
100371,Jonas N. Baker,Patentee
100380,Lillian L. Burt,Patentee
100386,Lois F. Cantrell,Patentee
100395,Lisandra V. Lopez,Patentee
100401,Hayes K. Holder,Patentee
100405,Molly A. Brennan,Patentee
100410,Willa Q. Nunez,Patentee
100415,Anthony O. Sweeney,Patentee
100420,Preston S. Sims,Patentee
100427,Solomon I. Mathis,Patentee
100432,Martena Q. Powell,Patentee
100434,Elton P. Sheppard,Patentee
100438,Samuel Z. Hicks,Patentee
100440,Claudia S. England,Patentee
100442,Neve E. Sheppard,Patentee
100443,Wynter J. Farley,Patentee
100444,Dorian H. Foreman,Patentee
100446,Cedric A. Logan,Patentee
100455,Michelle R. Hyde,Patentee
100458,Uriel G. Lester,Patentee
100467,Dexter P. Stark,Patentee
100469,Drake F. Morrison,Patentee
100472,Vivien N. Patterson,Patentee
100475,Grace A. Workman,Patentee
100484,Preston D. Gallegos,Patentee
100492,Clinton N. Nash,Patentee
100501,Aretha Q. Snider,Patentee
100508,Connor Y. Alvarado,Patentee
100511,Yvette N. Walsh,Patentee
100516,Ezra G. Preston,Patentee
100524,Kathleen L. Steele,Patentee
100525,Kaye J. Delaney,Patentee
100526,Tanya U. Mcmahon,Patentee
100531,Cynthia A. Hensley,Patentee
100535,Howard I. Yang,Patentee
100539,Nehru D. Mcclain,Patentee
100548,Brett E. Wilder,Patentee
100551,Kelsie R. Harding,Patentee
100554,Signe F. Mills,Patentee
100562,Victor Z. Martin,Patentee
100564,Zachary W. Long,Patentee
100568,Tobias H. Sparks,Patentee
100569,Barclay K. Oneal,Patentee
100578,Wylie A. Holmes,Patentee
100582,Nathaniel Q. Kinney,Patentee
100587,Jana W. Singleton,Patentee
100593,Marshall I. Huber,Patentee
100598,Adena L. Holt,Patentee
100605,Hiram P. Flynn,Patentee
100611,Keith J. Hurley,Patentee
100616,Elijah L. Wells,Patentee
100618,Tyrone M. Keith,Patentee
100622,Abel D. Stuart,Patentee
100631,Jenette C. Perkins,Patentee
100639,Ivana B. Combs,Patentee
100647,Hiram V. Booth,Patentee
100649,Rachel X. Kelley,Patentee
100657,Thor E. Montgomery,Patentee
100661,Kennedy G. Jacobs,Patentee
100669,Charissa S. Underwood,Patentee
100676,Jesse P. Powell,Patentee
100679,Vaughan X. Benjamin,Patentee
100681,Todd M. Abbott,Patentee
100682,Judith T. Grant,Patentee
100689,Rhiannon F. Mcdaniel,Patentee
100692,Elizabeth F. Murphy,Patentee
100699,Kim T. Ellison,Patentee
100703,Knox O. Soto,Patentee
100704,Inga B. Hooper,Patentee
100711,Jordan W. Landry,Patentee
100713,Jemima F. Britt,Patentee
100721,Rhonda S. Marks,Patentee
100724,Matthew I. Levy,Patentee
100730,Dara Y. Rosario,Patentee
100734,Freya R. Knight,Patentee
100736,Lesley I. Weeks,Patentee
100737,Cullen N. Knox,Patentee
100740,Rudyard C. Hensley,Patentee
100741,Fleur P. Cochran,Patentee
100742,Raja D. Logan,Patentee
100749,Russell F. Jacobson,Patentee
100757,Dale T. House,Patentee
100758,Peter C. Morales,Patentee
100763,Nero W. Gates,Patentee
100764,Nina H. Reyes,Patentee
100771,Lee C. Lindsey,Patentee
100772,Declan C. Dickerson,Patentee
100779,Russell K. Bean,Patentee
100786,Colt T. Wilkins,Patentee
100790,Ginger I. Camacho,Patentee
100794,Sasha M. Manning,Patentee
100796,Forrest U. Shepherd,Patentee
100804,Lawrence E. Gallegos,Patentee
100812,Gabriel F. Cherry,Patentee
100815,Callum D. Kane,Patentee
100820,Daniel E. Williamson,Patentee
100827,Hamilton P. Rivera,Patentee
100828,Anastasia L. Willis,Patentee
100830,Julian Z. Jensen,Patentee
100834,Cathleen D. Guy,Patentee
100836,Elaine V. Barton,Patentee
100842,Sydnee E. Gregory,Patentee
100848,Lois P. Leon,Patentee
100857,Melinda U. Mayo,Patentee
100865,Richard V. Kirby,Patentee
100867,Arthur Z. Alvarado,Patentee
100868,Dale L. Duffy,Patentee
100870,Abel T. Merrill,Patentee
100873,Jin P. Wagner,Patentee
100877,Alyssa K. Sharp,Patentee
100884,Hilary A. Edwards,Patentee
100892,Sharon P. Berry,Patentee
100901,Bianca W. Craig,Patentee
100910,Hilel I. Mckee,Patentee
100919,Candice B. Zamora,Patentee
100922,Cody C. Haynes,Patentee
100924,Sylvester K. Mcbride,Patentee
100931,Aiko L. Albert,Patentee
100932,Shelly X. Hyde,Patentee
100933,Boris O. Chapman,Patentee
100941,Sebastian G. Reeves,Patentee
100946,Maris T. Schultz,Patentee
100952,Fleur X. Vance,Patentee
100961,Yoshio A. Webb,Patentee
100970,Solomon Z. WestIndividuals,Patentee
100978,Byron V. Ward,Patentee
100987,Linda O. Donaldson,Patentee
100995,Hayfa W. Nelson,Patentee
101001,Mechelle K. Bright,Patentee
101002,Denise Q. Higgins,Patentee
101008,Maya X. England,Patentee
101016,Jakeem W. Bray,Patentee
101020,April S. Harrell,Patentee
101026,Randall P. Pollard,Patentee
101030,Doris L. Cummings,Patentee
101039,Jeremy A. Kerr,Patentee
101043,Zia Y. Ramos,Patentee
101045,Marcia M. Hopper,Patentee
101048,Eagan C. Mclaughlin,Patentee
101054,Lynn T. Fitzpatrick,Patentee
101055,Adam B. Sutton,Patentee
101056,Hu H. Martinez,Patentee
101061,Demetria J. Byrd,Patentee
101067,Beau N. Rosales,Patentee
101070,Regina Y. Whitley,Patentee
101076,Katell J. Prince,Patentee
101081,Wilma Y. Mcfadden,Patentee
101087,Maggy A. Newton,Patentee
101093,Emery W. Stafford,Patentee
101094,Rinah N. Huff,Patentee
101102,Liberty Z. Dalton,Patentee
101104,Mary G. Jordan,Patentee
101108,Driscoll O. Foreman,Patentee
101116,Sophia H. Barr,Patentee
101123,Sierra M. Vaughan,Patentee
101132,Conan V. Bright,Patentee
101136,Forrest W. Hodges,Patentee
101140,Michael J. Rowland,Patentee
101142,Josiah H. Reynolds,Patentee
101150,Xantha D. Poole,Patentee
101152,Rafael Q. Ballard,Patentee
101153,Desiree Q. Macias,Patentee
101162,Rhoda D. Camacho,Patentee
101167,Bree T. Mcclain,Patentee
101168,Clinton Q. Harper,Patentee
101176,Darrel Y. Sellers,Patentee
101181,Lionel J. Mccray,Patentee
101186,Dane Y. Delgado,Patentee
101193,Alyssa W. Mcfarland,Patentee
101201,Warren D. Soto,Patentee
101207,Leigh Z. Caldwell,Patentee
101214,Clarke M. Porter,Patentee
101217,Hammett X. Eaton,Patentee
101224,Petra V. Livingston,Patentee
101226,Tatyana B. Ortiz,Patentee
101231,Optum,Patentee
101240,Nielsen,Patentee
101242,Video Research Ltd.,Patentee
101248,Equifax,Patentee
101251,Kantar,Patentee
101253,QuintilesIMS,Patentee
101259,Ipsos,Patentee
101263,Gartner,Patentee
101266,GfK,Patentee
101268,Verisk Analytics,Patentee
101270,IRI,Patentee
101273,Acxiom Corp.,Patentee
101280,Tableau Software,Patentee
101285,Experian Consumer insight,Patentee
101289,"Westat, Inc.",Patentee
101294,Rocket Fuel,Patentee
101301,Wood Mackenzie,Patentee
101303,Dunnhumby,Patentee
101307,Intage Holdings,Patentee
101315,Harte-Hanks Marketing,Patentee
101323,iDC,Patentee
101332,Informa Financial Intelligence,Patentee
101340,NPD Group,Patentee
101343,J.D. Power,Patentee
101351,comScore,Patentee
101352,Macromill,Patentee
101354,Simon-Kucher & Partners,Patentee
101358,Qualtrics,Patentee
101363,Gallup,Patentee
101369,"Research Now Group, Inc",Patentee
101371,ICF International,Patentee
101372,Information Services Group,Patentee
101374,Forrester Research,Patentee
101383,SurveyMonkey,Patentee
101388,Toluna,Patentee
101397,DRG (Decision Resources Group),Patentee
101399,MaritzCX,Patentee
101400,Survey Sampling International,Patentee
101404,Abt SRBI,Patentee
101412,LRW (Lieberman Research Worldwide),Patentee
101418,GlobalData Plc,Patentee
101425,YouGov,Patentee
101434,Leger,Patentee
101438,Mediametrie,Patentee
101445,ORC International,Patentee
101447,Creston,Patentee
101455,National Research Corp,Patentee
101456,FocusVision,Patentee
101465,PRS IN VIVO,Patentee
101466,NRC health,Patentee
101474,Cello health,Patentee
101475,Teradata UK,Patentee
101482,Euromonitor,Patentee
101490,Confirmit,Patentee
101498,Vision Critical,Patentee
101505,C Space,Patentee
101513,Mintel Group,Patentee
101517,Google Analytics 360,Patentee
101518,Blueocean Market Intelligence,Patentee
101527,"Burke, Inc.",Patentee
101531,Periscope by McKinsey,Patentee
101539,Ebiquity,Patentee
101543,Schlesinger Associates,Patentee
101546,Medallia,Patentee
101554,Convergys Analytics,Patentee
101557,Market Strategies International,Patentee
101558,MarketCast,Patentee
101563,"Morpace, Inc.",Patentee
101571,Nepa AB,Patentee
101576,Market Force,Patentee
101579,Service Management Group (SMG),Patentee
101585,Idea Couture,Patentee
101587,LRA by Deloitte,Patentee
101595,Focus Pointe Global,Patentee
101602,Directions Research,Patentee
101604,Precise Media Monitoring,Patentee
101611,Hanover Research,Patentee
101618,MARU / Matchbox,Patentee
101627,Environics,Patentee
101629,De La Riva Group,Patentee
101635,SKIM,Patentee
101642,Phoenix Marketing International,Patentee
101647,MarketVision Research,Patentee
101649,Radius Global Market Research,Patentee
101653,Simmons Research,Patentee
101655,NatCen,Patentee
101657,Brainjuicer,Patentee
101659,Kelton,Patentee
101666,Fors Marsh Group,Patentee
101671,Provokers,Patentee
101675,Isobar Marketing Intelligence,Patentee
101677,Insites Consulting,Patentee
101684,Hall & Partners,Patentee
101687,SSRS,Patentee
101692,Decision Analyst,Patentee
101699,Twitter,Patentee
101704,Double Helix,Patentee
101710,The Link Group,Patentee
101717,Flamingo Research,Patentee
101722,MMR Research Worldwide,Patentee
101723,Zappistore,Patentee
101729,20/20 Research,Patentee
101733,Forethought Research,Patentee
101742,Gongos,Patentee
101745,Stylus,Patentee
101749,Acturus,Patentee
101755,Lucid,Patentee
101760,The Research Partnership,Patentee
101763,NAXIoN,Patentee
101769,KS&R,Patentee
101772,QuestionPro,Patentee
101781,Bellomy Research,Patentee
101790,Chadwick Martin Bailey,Patentee
101797,Illuminas,Patentee
101803,Frost & Sullivan,Patentee
101811,Hypothesis Group,Patentee
101819,Future Thinking,Patentee
101827,RTi Research,Patentee
101833,Azure Knowledge,Patentee
101841,Cint,Patentee
101849,Luth,Patentee
101853,Netbase,Patentee
101856,WorldOne Research,Patentee
101865,Hay Group Insight,Patentee
101867,Amazon Mechanical Turk,Patentee
101874,Hotspex Inc,Patentee
101876,Populus group,Patentee
101877,BDRC Continental,Patentee
101881,Defaqto,Patentee
101885,SurveyGizmo,Patentee
101889,Eolas International,Patentee
101893,Incite Marketing Planning,Patentee
101894,Markit Economics,Patentee
101899,Adelphi international Research,Patentee
101906,Q Research Solutions,Patentee
101913,Datamonitor,Patentee
101919,InCrowd Inc,Patentee
101927,Firefish,Patentee
101928,Realeyes,Patentee
101932,MSW ARS,Patentee
101938,Business Research group,Patentee
101945,Avention UK,Patentee
101953,Quadrangle,Patentee
101960,Marketing sciences Unlimited,Patentee
101963,Strategy Analytics,Patentee
101965,Brandtrust,Patentee
101974,iCM Research Unlimited,Patentee
101977,2CV,Patentee
101981,The Planning shop international,Patentee
101987,Ameritest,Patentee
101992,Chinese Academy of Sciences (CAS),Patentee
101997,Peking University (PKU),Patentee
102005,Nanjing University (NJU),Patentee
102007,University of Science and Technology of China (USTC),Patentee
102012,Nankai University (NKU),Patentee
102014,Zhejiang University (ZJU),Patentee
102016,Fudan University,Patentee
102022,Tsinghua University (TH),Patentee
102028,Soochow University,Patentee
102030,University of Oxford,Patentee
102038,Institute for Basic Science (IBS),Patentee
102045,Stanford University,Patentee
102049,East China Normal University (ECNU),Patentee
102056,Hunan University (HNU),Patentee
102062,Sichuan University (SCU),Patentee
102070,Indian Institutes of Technology (IITs),Patentee
102075,Xiamen University (XMU),Patentee
102078,The University of Manchester (UoM),Patentee
102079,King Abdullah University of Science and Technology (KAUST),Patentee
102086,Nanyang Technological University (NTU),Patentee
102095,Chongqing University (CQU),Patentee
102099,Swiss Federal Institute of Technology in Lausanne (EPFL),Patentee
102108,Imperial College London (ICL),Patentee
102112,Indian Institute of Science Education and Research (IISER),Patentee
102121,Southwest University (SWU),Patentee
102125,Technion-Israel Institute of Technology (IIT),Patentee
102126,Tianjin University (TJU),Patentee
102135,Wuhan University (WHU),Patentee
102138,Baylor College of Medicine (BCM),Patentee
102140,Helmholtz Association of German Research Centres,Patentee
102146,North Carolina State University (NCSU),Patentee
102149,Stockholm University,Patentee
102155,University of Chinese Academy of Sciences (UCAS),Patentee
102162,Sun Yat-sen University (SYSU),Patentee
102165,Jilin University (JLU),Patentee
102170,Lanzhou University (LZU),Patentee
102172,McGill University,Patentee
102180,East China University of Science and Technology (ECUST),Patentee
102189,Hong Kong University of Science and Technology (HKUST),Patentee
102192,South China University of Technology (SCUT),Patentee
102194,University of Southampton (Soton),Patentee
102199,Xi'an Jiaotong University (XJTU),Patentee
102205,Harbin Institute of Technology (HIT),Patentee
102213,University College London (UCL),Patentee
102215,Changzhou University (CZU),Patentee
102219,Huazhong University of Science and Technology (HUST),Patentee
102225,King's College London (KCL),Patentee
102228,Swiss Federal Institute of Technology Zurich (ETH Zurich),Patentee
102231,Italian Institute of Technology (IIT),Patentee
102234,Ulsan National Institute of Science and Technology (UNIST),Patentee
102243,Oak Ridge National Laboratory (ORNL),Patentee
102247,University of New South Wales (UNSW),Patentee
102252,Beijing Normal University (BNU),Patentee
102260,Central South University (CSU),Patentee
102269,Shaanxi Normal University (SNNU),Patentee
102276,Shandong Normal University (SDNU),Patentee
102285,The Rockefeller University,Patentee
102293,The University of Queensland (UQ),Patentee
102294,University of Regensburg (UR),Patentee
102295,Tata Institute of Fundamental Research (TIFR),Patentee
102304,Beijing University of Chemical Technology (BUCT),Patentee
102311,South University of Science and Technology of China (SUSTC),Patentee
102318,University of Sussex (US),Patentee
102320,Zhengzhou University (ZZU),Patentee
102323,University of Zurich (UZH),Patentee
102326,Indian Institute of Science (IISc),Patentee
102330,Perimeter Institute for Theoretical Physics (PI),Patentee
102335,University of Pennsylvania (Penn),Patentee
102339,Jagiellonian University (UJ),Patentee
102346,Council of Scientific and Industrial Research (CSIR),Patentee
102355,University of M체nster (WWU),Patentee
102364,Beihang University (BUAA),Patentee
102365,Lund University (LU),Patentee
102372,University of Bath,Patentee
102381,National Institute for Health and Medical Research (INSERM),Patentee
102382,University of Erlangen-Nuremberg (FAU),Patentee
102384,University of Copenhagen (UCPH),Patentee
102385,Tongji University,Patentee
102387,U.S. Geological Survey (USGS),Patentee
102393,University of Michigan (U-M),Patentee
102395,S찾o Paulo State University (UNESP),Patentee
102402,University of Basel (UB),Patentee
102405,University of W체rzburg,Patentee
102411,University of Girona (UdG),Patentee
102414,Heidelberg University (Uni Heidelberg),Patentee
102416,University of Leeds,Patentee
102425,Pierre and Marie Curie University (UPMC) - Paris 6,Patentee
102428,Southeast University (SEU),Patentee
102434,Leibniz Association,Patentee
102443,University of Nebraska-Lincoln (UNL),Patentee
102447,Saint Petersburg State University (SPbGU),Patentee
102451,National Aeronautics and Space Administration (NASA),Patentee
102452,Ume책 University (UMU),Patentee
102456,Curtin University,Patentee
102463,University of Turin (UNITO),Patentee
102466,University of Warsaw (UW),Patentee
102468,University of Stuttgart,Patentee
102473,Nanjing University of Science and Technology (NUST),Patentee
102475,Lawrence Berkeley National Laboratory (LBNL),Patentee
102480,Nanjing Normal University (NNU),Patentee
345001,William Perkins Babcock,Patent_Attorney
345002,Dirck van Baburen,Patent_Attorney
345003,Ferdinand Bac,Patent_Attorney
345004,cchiacca ,Patent_Attorney
345005,Ferdinand Sigismond Bach,Patent_Attorney
345006,Julie Bach,Patent_Attorney
345007,Herman Ilfeld Bacharach,Patent_Attorney
345008,Gaston Bachelard,Patent_Attorney
345009,Otto Henry Bacher,Patent_Attorney
345010,chiacca ,Patent_Attorney
345011,ciccia ,Patent_Attorney
345012,ciccio ,Patent_Attorney
345013,Ludolf Backhuysen,Patent_Attorney
345014,Francis Bacon,Patent_Attorney
345015,Peggy Bacon,Patent_Attorney
345016,Sisto Badalocchio,Patent_Attorney
345017,Aiko Baden,Patent_Attorney
345018,Ken Baden,Patent_Attorney
345019,Stanley Baden,Patent_Attorney
345020,Herman Bader,Patent_Attorney
345021,Joseph Badger,Patent_Attorney
345022,Libero Badii,Patent_Attorney
345023,Ferdinand Badin,Patent_Attorney
345024,George Baer,Patent_Attorney
345025,Jo Baer,Patent_Attorney
345026,Martin Baes,Patent_Attorney
345027,Ernst Willem Jan Bagelaar,Patent_Attorney
345028,Lloyd Baggs,Patent_Attorney
345029,Giovanni Baglione,Patent_Attorney
345030,Cesare da Bagno,Patent_Attorney
345031,Evelyn Bailey,Patent_Attorney
345032,Oscar Bailey,Patent_Attorney
345033,William Bailey,Patent_Attorney
345034,Captain Baillie,Patent_Attorney
345035,William Baillie,Patent_Attorney
345036,Pieter de Bailliu,Patent_Attorney
345037,Pieter de the Elder Bailliu,Patent_Attorney
345038,Enrico Baj,Patent_Attorney
345039,Lamar Baker,Patent_Attorney
345040,Lynn Baker,Patent_Attorney
345041,Oliver Mozart Baker,Patent_Attorney
345042,Tim Baker,Patent_Attorney
345043,Timothy Baker,Patent_Attorney
345044,William Robert Baker,Patent_Attorney
345045,Ludolf Bakhuysen,Patent_Attorney
345046,Leon Bakst,Patent_Attorney
345047,Leon Nicolaevitch Bakst,Patent_Attorney
345048,Lev Samoilovich Bakst,Patent_Attorney
345049,Dirk Baksteen,Patent_Attorney
345050,Mark Balakjian,Patent_Attorney
345051,lco ,Patent_Attorney
345052,Lowell Leroy Balcom,Patent_Attorney
345053,ldassare da Siena ,Patent_Attorney
345054,ldassare da Volterra ,Patent_Attorney
345055,ldassare Estense ,Patent_Attorney
345056,John Baldassari,Patent_Attorney
345057,Lucas Baldes,Patent_Attorney
345058,John Baldessari,Patent_Attorney
345059,John Anthony Baldessari,Patent_Attorney
345060,Bernardino Baldi,Patent_Attorney
345061,Baccio Baldini,Patent_Attorney
345062,Bartolomeo Baldini,Patent_Attorney
345063,Cyrus LeRoy Baldridge,Patent_Attorney
345064,Giovanni Balducci,Patent_Attorney
345065,Giovanni Balducci,Patent_Attorney
345066,Hans Baldung,Patent_Attorney
345067,Hans Baldung Grien,Patent_Attorney
345068,John Baldwin,Patent_Attorney
345069,Robert Baldwin,Patent_Attorney
345070,Antonio Balestra,Patent_Attorney
345071,Helen Balfour,Patent_Attorney
345072,Maxwell Balfour,Patent_Attorney
345073,Kathryn Uhl Ball,Patent_Attorney
345074,Lillian Ball,Patent_Attorney
345075,Giacomo Balla,Patent_Attorney
345076,Chris Ballantyne,Patent_Attorney
345077,Harold Ballerd,Patent_Attorney
345078,Albert de Balleroy,Patent_Attorney
345079,Maxil Ballinger,Patent_Attorney
345080,Leah Balsham,Patent_Attorney
345081,Louis Pierre Baltard,Patent_Attorney
345082,Pieter Balten,Patent_Attorney
345083,Pieter Baltens,Patent_Attorney
345084,Carel Balth,Patent_Attorney
345085,lthasar Klossowski de Rola ,Patent_Attorney
345086,lthus ,Patent_Attorney
345087,ltimore Lord ,Patent_Attorney
345088,Lewis Baltz,Patent_Attorney
345089,Luigi Balugani,Patent_Attorney
345090,il Bambaia,Patent_Attorney
345091,mboccio ,Patent_Attorney
345092,William Bambridge,Patent_Attorney
345093,Pieter van der Banck,Patent_Attorney
345094,Baccio Bandinelli,Patent_Attorney
345095,Bartolomeo Bandinelli,Patent_Attorney
345096,Moses Bank,Patent_Attorney
345097,Thomas Banks,Patent_Attorney
345098,Walter Darby Bannard,Patent_Attorney
345099,Alexander Bannerman,Patent_Attorney
345100,Beatrice Harper Banning,Patent_Attorney
345101,Belle Baranceaneau,Patent_Attorney
345102,Belle Goldschlager Baranceaneau,Patent_Attorney
345103,Antonio Baratta,Patent_Attorney
345104,Daniel Barbaro,Patent_Attorney
345105,Bernardino Barbatelli,Patent_Attorney
345106,Jean Barbault,Patent_Attorney
345107,Francesco Barbazza,Patent_Attorney
345108,Jack Barber,Patent_Attorney
345109,Jean Barbet,Patent_Attorney
345110,Antonio Barbey,Patent_Attorney
345111,Domenico del Barbiere,Patent_Attorney
345112,Giovanni Francesco Barbieri,Patent_Attorney
345113,Salvador Barbudo Sanchez,Patent_Attorney
345114,James Bard,Patent_Attorney
345115,Phillip Bard,Patent_Attorney
345116,Jean Hippolyte Bardin,Patent_Attorney
345117,Guy Bardone,Patent_Attorney
345118,rend van Brussel ,Patent_Attorney
345119,Dirck Barendsz,Patent_Attorney
345120,Jared Bark,Patent_Attorney
345121,Albert Winslow Barker,Patent_Attorney
345122,George Barker,Patent_Attorney
345123,John Jesse Barker,Patent_Attorney
345124,Thomas Barker,Patent_Attorney
345125,rker of Bath ,Patent_Attorney
345126,Ernst Barlach,Patent_Attorney
345127,Francis Barlow,Patent_Attorney
345128,Inigo Barlow,Patent_Attorney
345129,Lou Barlow,Patent_Attorney
345130,Louis Barlow,Patent_Attorney
345131,Herbert Barnard,Patent_Attorney
345132,rnes ,Patent_Attorney
345133,Ada Barnes,Patent_Attorney
345134,Will Barnet,Patent_Attorney
345135,Gerard Barnett,Patent_Attorney
345136,Herbert Phillip Barnett,Patent_Attorney
345137,Richard Barnett,Patent_Attorney
345138,Tina Barney,Patent_Attorney
345139,Melanie Eve Barocas,Patent_Attorney
345140,Federico Barocci,Patent_Attorney
345141,Jill Baroff,Patent_Attorney
345142,Acavie Baron,Patent_Attorney
345143,Bernard Baron,Patent_Attorney
345144,Hannelore Baron,Patent_Attorney
345145,Henri Charles Antoine Baron,Patent_Attorney
345146,Giuseppe Baroni,Patent_Attorney
345147,Martin Barooshian,Patent_Attorney
345148,Burt Barr,Patent_Attorney
345149,Norman Barr,Patent_Attorney
345150,Johan Barra,Patent_Attorney
345151,Eugene Barrell,Patent_Attorney
345152,Carlo Barrera,Patent_Attorney
345153,George Barret,Patent_Attorney
345154,Lawrence Barrett,Patent_Attorney
345155,Thomas Weeks Barrett,Patent_Attorney
345156,Conrado Barrio,Patent_Attorney
345157,Thomas Barrow,Patent_Attorney
345158,Charles Barrows,Patent_Attorney
345159,Anna Barry,Patent_Attorney
345160,James Barry,Patent_Attorney
345161,Robert Barry,Patent_Attorney
345162,Andrzej Bartczak,Patent_Attorney
345163,Marcia Bartholme,Patent_Attorney
345164,Edward Sheffield Bartholomew,Patent_Attorney
345165,Dana Bartlett,Patent_Attorney
345166,Elwood Warren Bartlett,Patent_Attorney
345167,Ivan Bartlett,Patent_Attorney
345168,Jennifer Bartlett,Patent_Attorney
345169,Jennifer Losch Bartlett,Patent_Attorney
345170,Richard Franklin Bartlett,Patent_Attorney
345171,William Henry Bartlett,Patent_Attorney
345172,Francesco Bartoli,Patent_Attorney
345173,Pietro Santo Bartoli,Patent_Attorney
345174,Lorenzo Bartolini,Patent_Attorney
345175,Luciano Bartolini,Patent_Attorney
345176,Andrea di Bartolo,Patent_Attorney
345177,Domenico di Bartolo da Venezia,Patent_Attorney
345178,Andrea di Bartolo di Simone,Patent_Attorney
345179,rtolomeo da Murano ,Patent_Attorney
345180,rtolomeo Veneto ,Patent_Attorney
345181,Fra Bartolommeo,Patent_Attorney
345182,rtolommeo di Paolo ,Patent_Attorney
345183,Francesco Bartolozzi,Patent_Attorney
345184,Cleon Barton,Patent_Attorney
345185,Loren Roberta Barton,Patent_Attorney
345186,Robert Barton,Patent_Attorney
345187,Adam von Bartsch,Patent_Attorney
345188,Walter Frederick Bartsch,Patent_Attorney
345189,Eugene Bartz,Patent_Attorney
345190,Hendrick Bary,Patent_Attorney
345191,Marco Basaiti,Patent_Attorney
345192,Afro Basaldella,Patent_Attorney
345193,san ,Patent_Attorney
345194,Ruth Henshaw Bascom,Patent_Attorney
345195,Johann Bernhard Basedow,Patent_Attorney
345196,Georg Baselitz,Patent_Attorney
345197,Edward Bashaw,Patent_Attorney
345198,James Basire I,Patent_Attorney
345199,Leonard Baskin,Patent_Attorney
345200,Antonio Basoli,Patent_Attorney
160000,"3 Round Stones, Inc.",Applicant
160001,48 Factoring Inc.,Applicant
160002,5PSolutions,Applicant
160003,Abt Associates,Applicant
160004,Accela,Applicant
160005,Accenture,Applicant
160006,AccuWeather,Applicant
160007,Acxiom,Applicant
160008,Adaptive,Applicant
160009,Adobe Digital Government,Applicant
160010,Aidin,Applicant
160011,Alarm.com,Applicant
160012,Allianz,Applicant
160013,Allied Van Lines,Applicant
160014,AllState Insurance Group,Applicant
160015,Alltuition,Applicant
160016,Altova,Applicant
160017,Amazon Web Services,Applicant
160018,American Red Ball Movers,Applicant
160019,Amida Technology Solutions,Applicant
160020,Analytica,Applicant
160021,Apextech LLC,Applicant
160022,Appallicious,Applicant
160023,Aquicore,Applicant
160024,Archimedes Inc.,Applicant
160025,AreaVibes Inc.,Applicant
160026,Arpin Van Lines,Applicant
160027,Arrive Labs,Applicant
160028,ASC Partners,Applicant
160029,Asset4,Applicant
160030,Atlas Van Lines,Applicant
160031,AtSite,Applicant
160032,"Aunt Bertha, Inc.",Applicant
160033,Aureus Sciences (*Now part of Elsevier),Applicant
160034,AutoGrid Systems,Applicant
160035,Avalara,Applicant
160036,Avvo,Applicant
160037,Ayasdi,Applicant
160038,Azavea,Applicant
160039,BaleFire Global,Applicant
160040,Barchart,Applicant
160041,Be Informed,Applicant
160042,Bekins,Applicant
160043,Berkery Noyes MandASoft,Applicant
160044,Berkshire Hathaway,Applicant
160045,BetterLesson,Applicant
160046,BillGuard,Applicant
160047,Bing,Applicant
160048,Biovia,Applicant
160049,BizVizz,Applicant
160050,BlackRock,Applicant
160051,Bloomberg,Applicant
160052,Booz Allen Hamilton,Applicant
160053,Boston Consulting Group,Applicant
160054,Boundless,Applicant
160055,Bridgewater,Applicant
160056,Brightscope,Applicant
160057,BuildFax,Applicant
160058,Buildingeye,Applicant
160059,BuildZoom,Applicant
160060,Business and Legal Resources,Applicant
160061,Business Monitor International,Applicant
160062,"Calcbench, Inc.",Applicant
160063,Cambridge Information Group,Applicant
160064,Cambridge Semantics,Applicant
160065,CAN Capital,Applicant
160066,Canon,Applicant
160067,Capital Cube,Applicant
160068,Cappex,Applicant
160069,Captricity,Applicant
160070,CareSet Systems,Applicant
160071,Careset.com,Applicant
160072,CARFAX,Applicant
160073,Caspio,Applicant
160074,Castle Biosciences,Applicant
160075,CB Insights,Applicant
160076,Ceiba Solutions,Applicant
160077,Center for Responsive Politics,Applicant
160078,Cerner,Applicant
160079,Certara,Applicant
160080,CGI,Applicant
160081,Charles River Associates,Applicant
160082,Charles Schwab Corp.,Applicant
160083,Chemical Abstracts Service,Applicant
160084,Child Care Desk,Applicant
160085,Chubb,Applicant
160086,Citigroup,Applicant
160087,CityScan,Applicant
160088,CitySourced,Applicant
160089,Civic Impulse LLC,Applicant
160090,Civic Insight,Applicant
160091,Civinomics,Applicant
160092,Civis Analytics,Applicant
160093,Clean Power Finance,Applicant
160094,ClearHealthCosts,Applicant
160095,ClearStory Data,Applicant
160096,Climate Corporation,Applicant
160097,CliniCast,Applicant
160098,Cloudmade,Applicant
160099,Cloudspyre,Applicant
160100,Code for America,Applicant
160101,Code-N,Applicant
160102,Collective IP,Applicant
160103,"College Abacus, an ECMC initiative",Applicant
160104,College Board,Applicant
160105,Compared Care,Applicant
160106,Compendia Bioscience Life Technologies,Applicant
160107,Compliance and Risks,Applicant
160108,Computer Packages Inc,Applicant
160109,CONNECT-DOT LLC.,Applicant
160110,ConnectEDU,Applicant
160111,Connotate,Applicant
160112,Construction Monitor LLC,Applicant
160113,Consumer Reports,Applicant
160114,CoolClimate,Applicant
160115,Copyright Clearance Center,Applicant
160116,CoreLogic,Applicant
160117,CostQuest,Applicant
160118,Credit Karma,Applicant
160119,Credit Sesame,Applicant
160120,CrowdANALYTIX,Applicant
160121,Dabo Health,Applicant
160122,DataLogix,Applicant
160123,DataMade,Applicant
160124,DataMarket,Applicant
160125,Datamyne,Applicant
160126,DataWeave,Applicant
160127,Deloitte,Applicant
160128,DemystData,Applicant
160129,Department of Better Technology,Applicant
160130,Development Seed,Applicant
160131,"Docket Alarm, Inc.",Applicant
160132,Dow Jones & Co.,Applicant
160133,Dun & Bradstreet,Applicant
160134,Earth Networks,Applicant
160135,EarthObserver App,Applicant
160136,Earthquake Alert!,Applicant
160137,Eat Shop Sleep,Applicant
160138,Ecodesk,Applicant
160139,eInstitutional,Applicant
160140,Embark,Applicant
160141,EMC,Applicant
160142,"Energy Points, Inc.",Applicant
160143,Energy Solutions Forum,Applicant
160144,Enervee Corporation,Applicant
160145,Enigma.io,Applicant
160146,Ensco,Applicant
160147,Environmental Data Resources,Applicant
160148,Epsilon,Applicant
160149,Equal Pay for Women,Applicant
160150,Equifax,Applicant
160151,Equilar,Applicant
160152,Ernst & Young LLP,Applicant
160153,eScholar LLC.,Applicant
160154,Esri,Applicant
160155,Estately,Applicant
160156,Everyday Health,Applicant
160157,Evidera,Applicant
160158,Experian,Applicant
160159,"Expert Health Data Programming, Inc.",Applicant
160160,Exversion,Applicant
160161,Ez-XBRL,Applicant
160162,Factset,Applicant
160163,Factual,Applicant
160164,Farmers,Applicant
160165,FarmLogs,Applicant
160166,Fastcase,Applicant
160167,Fidelity Investments,Applicant
160168,FindTheBest.com,Applicant
160169,First Fuel Software,Applicant
160170,"FirstPoint, Inc.",Applicant
160171,Fitch,Applicant
160172,FlightAware,Applicant
160173,FlightStats,Applicant
160174,FlightView,Applicant
160175,Food+Tech Connect,Applicant
160176,Forrester Research,Applicant
160177,Foursquare,Applicant
160178,Fujitsu,Applicant
160179,Funding Circle,Applicant
160180,FutureAdvisor,Applicant
160181,"Fuzion Apps, Inc.",Applicant
160182,Gallup,Applicant
160183,Galorath Incorporated,Applicant
160184,Garmin,Applicant
160185,Genability,Applicant
160186,GenoSpace,Applicant
160187,Geofeedia,Applicant
160188,Geolytics,Applicant
160189,Geoscape,Applicant
160190,GetRaised,Applicant
160191,GitHub,Applicant
160192,Glassy Media,Applicant
160193,Golden Helix,Applicant
160194,GoodGuide,Applicant
160195,Google Maps,Applicant
160196,Google Public Data Explorer,Applicant
160197,Government Transaction Services,Applicant
160198,Govini,Applicant
160199,GovTribe,Applicant
160200,"Govzilla, Inc.",Applicant
160201,gRadiant Research LLC,Applicant
160202,Graebel Van Lines,Applicant
160203,"Graematter, Inc.",Applicant
160204,Granicus,Applicant
160205,GreatSchools,Applicant
160206,GuideStar,Applicant
160207,H3 Biomedicine,Applicant
160208,Harris Corporation,Applicant
160209,"HDScores, Inc",Applicant
160210,Headlight,Applicant
160211,Healthgrades,Applicant
160212,Healthline,Applicant
160213,HealthMap,Applicant
160214,"HealthPocket, Inc.",Applicant
160215,HelloWallet,Applicant
160216,HERE,Applicant
160217,Honest Buildings,Applicant
160218,HopStop,Applicant
160219,Housefax,Applicant
160220,How's My Offer?,Applicant
160221,IBM,Applicant
160222,ideas42,Applicant
160223,iFactor Consulting,Applicant
160224,IFI CLAIMS Patent Services,Applicant
160225,iMedicare,Applicant
160226,Impact Forecasting (Aon),Applicant
160227,Impaq International,Applicant
160228,Import.io,Applicant
160229,IMS Health,Applicant
160230,InCadence,Applicant
160231,indoo.rs,Applicant
160232,InfoCommerce Group,Applicant
160233,Informatica,Applicant
160234,InnoCentive,Applicant
160235,Innography,Applicant
160236,Innovest Systems,Applicant
160237,Inovalon,Applicant
160238,Inrix Traffic,Applicant
160239,Intelius,Applicant
160240,Intermap Technologies,Applicant
160241,Investormill,Applicant
160242,Iodine,Applicant
160243,IPHIX,Applicant
160244,iRecycle,Applicant
160245,iTriage,Applicant
160246,IVES Group Inc,Applicant
160247,IW Financial,Applicant
160248,JJ Keller,Applicant
160249,J.P. Morgan Chase,Applicant
160250,"Junar, Inc.",Applicant
160251,Gianni Cacciarini,Applicant
160252,Giovanni Battista Caccini,Applicant
160253,Gerard Cachet,Applicant
160254,Alfred Cadart,Applicant
160255,Giuseppe Cades,Applicant
160256,Paul Cadmus,Applicant
160257,Harrison Cady,Applicant
160258,Ippolito Caffi,Applicant
160259,John Cage,Applicant
160260,Guido Cagnacci,Applicant
160261,Luigi Cagnola,Applicant
160262,Marcelle Cahn,Applicant
160263,Gustave Caillebotte,Applicant
160264,Jean Caillou,Applicant
160265,Charles William Cain,Applicant
160266,Fred Cain,Applicant
160267,Gasparo Cairano,Applicant
160268,Earl of Caithness,Applicant
160269,il Calabrese,Applicant
160270,Alexandre Calame,Applicant
160271,Giacinto Calandrucci,Applicant
160272,Letterio Calapai,Applicant
160273,Nicolas Calas,Applicant
160274,Lawrence Calcagno,Applicant
160275,Polidoro Caldara,Applicant
160276,Randolph Caldecott,Applicant
160277,Alexander Calder,Applicant
160278,Ludmilla Calderon,Applicant
160279,Mary Steichen Calderone,Applicant
160280,James Caldwall,Applicant
160281,Robert Allan Cale,Applicant
160282,Paolo Caliari,Applicant
160283,Jan van Call I,Applicant
160284,Harry Callahan,Applicant
160285,Harry Morey Callahan,Applicant
160286,Kenneth Callahan,Applicant
160287,Sophie Calle,Applicant
160288,Mark Callen,Applicant
160289,Mary Callery,Applicant
160290,Jo Ann Callis,Applicant
160291,Jacques Callot,Applicant
160292,William Callow,Applicant
160293,Denys Calvaert,Applicant
160294,Edward Calvert,Applicant
160295,Robert Calvin,Applicant
160296,Andrea Camassei,Applicant
160297,Giovanni Battista Cambi,Applicant
160298,Luca Cambiaso,Applicant
160299,Andrea Cambio,Applicant
160300,Gambattista Cambio,Applicant
160301,Giovanni Battista Cambio,Applicant
160302,melio ,Applicant
160303,Giuseppe Camerata II,Applicant
160304,Charles Cameron,Applicant
160305,David Young Cameron,Applicant
160306,Julia Margaret Cameron,Applicant
160307,Malcolm Cameron,Applicant
160308,Melvina Cames,Applicant
160309,Vina Jane Cochran Cames,Applicant
160310,Albert Camilli,Applicant
160311,mligue ,Applicant
160312,Girolamo Campagna,Applicant
160313,Domenico Campagnola,Applicant
160314,Giulio Campagnola,Applicant
160315,Angelo Campanella,Applicant
160316,Johann Jacob Campanus,Applicant
160317,Blendon Reed Campbell,Applicant
160318,Charles Campbell,Applicant
160319,Colen Campbell,Applicant
160320,Donald Campbell,Applicant
160321,Douglas Campbell,Applicant
160322,Elmer Simms Campbell,Applicant
160323,Roger Campbell,Applicant
160324,Rollington Campbell,Applicant
160325,Rose Campbell,Applicant
160326,Heinrich Campendonk,Applicant
160327,Giulio Campi,Applicant
160328,Massimo Campigli,Applicant
160329,Giovanni Domenico Campiglia,Applicant
160330,Robert Campin,Applicant
160331,Antonio Campo,Applicant
160332,Peter Campus,Applicant
160333,Vincenzo Camuccini,Applicant
160334,Giambattista Canal,Applicant
160335,Giovanni Antonio Canal,Applicant
160336,naletto ,Applicant
160337,Victor Candell,Applicant
160338,Peter Candid,Applicant
160339,Giovanni Candida,Applicant
160340,Pietro Candido,Applicant
160341,Giacomo Caneva,Applicant
160342,Robert Caney,Applicant
160343,Francesco Cangiullo,Applicant
160344,Giovanni Angelo Canini,Applicant
160345,Joseph Cannella,Applicant
160346,Rafael Canogar,Applicant
160347,Antonio Canova,Applicant
160348,Remigio Cantagallina,Applicant
160349,Maria Boveri Cantarella,Applicant
160350,Simone Cantarini,Applicant
160351,Domenico Maria Canuti,Applicant
160352,Michele Canzio,Applicant
160353,Ernest Capaldo,Applicant
160354,Rhys Caparn,Applicant
160355,Antonio Capellan,Applicant
160356,Giacinto Capelli,Applicant
160357,Bernardino Capitelli,Applicant
160358,Giuseppe Capogrossi,Applicant
160359,Angelica Caporaso,Applicant
160360,Jan van de Cappelle,Applicant
160361,Leonetto Cappiello,Applicant
160362,pponi ,Applicant
160363,Charles Merrick Capps,Applicant
160364,il Cappuccio,Applicant
160365,Alessandro Capra,Applicant
160366,Elmer Capshaw,Applicant
160367,Lily Capson,Applicant
160368,Jose Manuel Capuletti,Applicant
160369,Jean Gabriel Caquet,Applicant
160370,Kathleen Caraccio,Applicant
160371,Roberto Caracciolo,Applicant
160372,radosso ,Applicant
160373,Gian Jacopo Caraglio,Applicant
160374,Giovanni Jacopo Caraglio,Applicant
160375,Vincent Carano,Applicant
160376,Girolamo Carattoni,Applicant
160377,ravaggio ,Applicant
160378,Michelangelo Merisi da Caravaggio,Applicant
160379,Polidoro da Caravaggio,Applicant
160380,Ludovico Carazzari,Applicant
160381,Antonio Carbonati,Applicant
160382,Marin Carburi de Ceffalonie,Applicant
160383,Agustin Cardenas,Applicant
160384,Lodovico Cardi,Applicant
160385,Charles Cardinale,Applicant
160386,Sauro Cardinale,Applicant
160387,Marco Cardisco,Applicant
160388,Anthony Cardon,Applicant
160389,Vicenzio Carducci,Applicant
160390,Vicencio Carducho,Applicant
160391,Vicente Carducho,Applicant
160392,riani ,Applicant
160393,Giovanni Cariani,Applicant
160394,Catherine Carine,Applicant
160395,Mathias Carl,Applicant
160396,Arthur Beecher Carles,Applicant
160397,Luca Carlevariis,Applicant
160398,Luca Carlevarijs,Applicant
160399,Don Carli,Applicant
160400,Marie Carlier,Applicant
160401,Martin Carlin,Applicant
160402,Steve Carlisle,Applicant
160403,rlo Veneziano ,Applicant
160404,Carlo Innocenzo Carlone,Applicant
160405,Emil Carlsen,Applicant
160406,Soren Emil Carlsen,Applicant
160407,Albert Carman,Applicant
160408,rmontelle ,Applicant
160409,Fra Carnevale,Applicant
160410,Anthony Caro,Applicant
160411,Adolphe Alexandre Joseph Caron,Applicant
160412,Antoine Caron,Applicant
160413,Paolo Carosone,Applicant
160414,Vittore Carpaccio,Applicant
160415,Francis Bicknell Carpenter,Applicant
160416,Ugo da Carpi,Applicant
160417,Giulio Carpioni,Applicant
160418,Jack Carr,Applicant
160419,John Carr,Applicant
160420,John Carr of York,Applicant
160421,Agostino Carracci,Applicant
160422,Annibale Carracci,Applicant
160423,Francesco Carracci,Applicant
160424,Lodovico Carracci,Applicant
160425,Antoine Carree,Applicant
160426,Rosalba Carriera,Applicant
160427,Leonora Carrington,Applicant
160428,called Carmontelle Carrogis,Applicant
160429,John Carroll,Applicant
160430,Lewis Carroll,Applicant
160431,Laurent Cars,Applicant
160432,Jon Carsman,Applicant
160433,Karen Carson,Applicant
160434,Vincenzo Cartari,Applicant
160435,Clarence Holbrook Carter,Applicant
160436,Erskine Carter,Applicant
160437,John Carter,Applicant
160438,William Carter,Applicant
160439,Ferdinand Cartier,Applicant
160440,Norman Carton,Applicant
160441,Jacopo Carucci,Applicant
160442,Carl Gustav Carus,Applicant
160443,A Cary,Applicant
160444,William De La Montagne Cary,Applicant
160445,Francesco Casanova,Applicant
160446,Edmond Casarella,Applicant
160447,Michael Cascadden,Applicant
160448,Charles Caseau,Applicant
500001,Hans von Aachen,Patent_Examiner
500002,Magdalena Abakanowicz,Patent_Examiner
500003,Pietro Giovanni Abbati,Patent_Examiner
500004,Guido Ubaldo Abbatini,Patent_Examiner
500005,Elfriede Martha Abbe,Patent_Examiner
500006,William Parker Abbe,Patent_Examiner
500007,Edwin Austin Abbey,Patent_Examiner
500008,Giuseppe Abbiati,Patent_Examiner
500009,Berenice Abbott,Patent_Examiner
500010,John White Abbott,Patent_Examiner
500011,Lemuel Francis Abbott,Patent_Examiner
500012,Nobuya Abe,Patent_Examiner
500013,Mike Abel,Patent_Examiner
500014,Myer Abel,Patent_Examiner
500015,Ida York Abelman,Patent_Examiner
500016,Jacobus Theodorus Abels,Patent_Examiner
500017,Antonio Abondio,Patent_Examiner
500018,Elie Abrahami,Patent_Examiner
500019,Albert Abramovitz,Patent_Examiner
500020,Ben Abramowitz,Patent_Examiner
500021,Benjamin Abramowitz,Patent_Examiner
500022,Ross Abrams,Patent_Examiner
500023,Ruth Abrams,Patent_Examiner
500024,William Ross Abrams,Patent_Examiner
500025,Nino Abranos,Patent_Examiner
500026,Angel Abreu,Patent_Examiner
500027,Tomma Abts,Patent_Examiner
500028,Rodolfo Abularach,Patent_Examiner
500029,Nicholas Acampora,Patent_Examiner
500030,Vito Acconci,Patent_Examiner
500031,Johann von Achen,Patent_Examiner
500032,Hans Achenbach,Patent_Examiner
500033,Keith Anden Achepohl,Patent_Examiner
500034,Bogdan Achimescu,Patent_Examiner
500035,Max Ackermann,Patent_Examiner
500036,Rudolf Werner Ackermann,Patent_Examiner
500037,Norman Ackroyd,Patent_Examiner
500038,am ,Patent_Examiner
500039,Franz Adam,Patent_Examiner
500040,Jacob Adam,Patent_Examiner
500041,James Adam,Patent_Examiner
500042,Robert Adam,Patent_Examiner
500043,Victor Adam,Patent_Examiner
500044,William Adam,Patent_Examiner
500045,Ansel Adams,Patent_Examiner
500046,Ansel Easton Adams,Patent_Examiner
500047,Clinton Adams,Patent_Examiner
500048,Herbert Adams,Patent_Examiner
500049,Jean Crawford Adams,Patent_Examiner
500050,Kenneth Miller Adams,Patent_Examiner
500051,Robert Adams,Patent_Examiner
500052,Robert and Kerstin Adams,Patent_Examiner
500053,Ron Adams,Patent_Examiner
500054,Wayman Adams,Patent_Examiner
500055,Robert Adamson,Patent_Examiner
500056,Louis Emile Adan,Patent_Examiner
500057,Craig Adcock,Patent_Examiner
500058,Clifford Isaac Addams,Patent_Examiner
500059,Lillian Adelman,Patent_Examiner
500060,Luigi Ademollo,Patent_Examiner
500061,Bas Jan Ader,Patent_Examiner
500062,Henry Adlard,Patent_Examiner
500063,Vosdanik Manook Adoian,Patent_Examiner
500064,riano Fiorentino ,Patent_Examiner
500065,Roy Adzak,Patent_Examiner
500066,Willem van Aelst,Patent_Examiner
500067,ro ,Patent_Examiner
500068,tograf ,Patent_Examiner
500069,Ignazio Agliaudo,Patent_Examiner
500070,Agostino Aglio,Patent_Examiner
500071,Augustine Aglio,Patent_Examiner
500072,ostino di Duccio ,Patent_Examiner
500073,Eduard Agricola,Patent_Examiner
500074,Giovanni Guido Agrippa,Patent_Examiner
500075,Leopoldo Torres Aguero,Patent_Examiner
500076,Franciscus Aguilonius,Patent_Examiner
500077,George Charles Aid,Patent_Examiner
500078,Walter Monteith Aikman,Patent_Examiner
500079,Abe Ajay,Patent_Examiner
500080,Kinji Akagawa,Patent_Examiner
500081,Hiroshi Akana,Patent_Examiner
500082,Jan van Aken,Patent_Examiner
500083,Johann von Aken,Patent_Examiner
500084,Frank Akers,Patent_Examiner
500085,Willem Outgertsz Akersloot,Patent_Examiner
500086,Masabikh Fatkhylilamovich Akhunov,Patent_Examiner
500087,Marie Alain,Patent_Examiner
500088,Pier Jacopo Alari Bonacolsi,Patent_Examiner
500089,Francesco Albani,Patent_Examiner
500090,Gerhard Albin Albe,Patent_Examiner
500091,Grace Thurston Arnold Albee,Patent_Examiner
500092,Zanin I Alberghetti,Patent_Examiner
500093,Giovanni Alberghetti I,Patent_Examiner
500094,Anni Albers,Patent_Examiner
500095,Josef Albers,Patent_Examiner
500096,Adolphe Albert,Patent_Examiner
500097,Gaetano Albertazi,Patent_Examiner
500098,Cherubino Alberti,Patent_Examiner
500099,Giovanni Alberti,Patent_Examiner
500100,Leone Battista Alberti,Patent_Examiner
500101,Ferdinando Albertolli,Patent_Examiner
500102,Giocondo Albertolli,Patent_Examiner
500103,Raffaeli Albertolli,Patent_Examiner
500104,Julien Alberts,Patent_Examiner
500105,Karl Albiker,Patent_Examiner
500106,Eleazar Albin,Patent_Examiner
500107,Dewey Albinson,Patent_Examiner
500108,Bernard Siegfried Albinus,Patent_Examiner
500109,Felice Albites,Patent_Examiner
500110,Gertrude Partington Albright,Patent_Examiner
500111,Herman Oliver Albright,Patent_Examiner
500112,Ivan Le Lorraine Albright,Patent_Examiner
500113,Malvin Marr Albright,Patent_Examiner
500114,Edward Albritton,Patent_Examiner
500115,Maxine Albro,Patent_Examiner
500116,Daisy Aldan,Patent_Examiner
500117,Heinrich Aldegrever,Patent_Examiner
500118,Adolf Aldrich,Patent_Examiner
500119,Jacques Aleaume,Patent_Examiner
500120,Pierre Alechinsky,Patent_Examiner
500121,Doris Alexander,Patent_Examiner
500122,Dorothy Alexander,Patent_Examiner
500123,Eleanor Alexander,Patent_Examiner
500124,Esther Frances Alexander,Patent_Examiner
500125,Francesca Alexander,Patent_Examiner
500126,Francis Alexander,Patent_Examiner
500127,William Alexander,Patent_Examiner
500128,Alessandro Algardi,Patent_Examiner
500129,Jacques Aliamet,Patent_Examiner
500130,Samuel Alken,Patent_Examiner
500131,Angelique Allais,Patent_Examiner
500132,William Allan,Patent_Examiner
500133,Carel Allard,Patent_Examiner
500134,lardet ,Patent_Examiner
500135,legretto di Nuzi ,Patent_Examiner
500136,legretto Nuzi ,Patent_Examiner
500137,Antonio Allegri,Patent_Examiner
500138,Francesco Allegrini,Patent_Examiner
500139,Albert Allen,Patent_Examiner
500140,Anne Allen,Patent_Examiner
500141,Courtney Allen,Patent_Examiner
500142,Eldon Allen,Patent_Examiner
500143,James Allen,Patent_Examiner
500144,Joseph Allen,Patent_Examiner
500145,Luther Allen,Patent_Examiner
500146,Giovanni Allet,Patent_Examiner
500147,Jean Charles Allet,Patent_Examiner
500148,Thomas Allom,Patent_Examiner
500149,Alessandro Allori,Patent_Examiner
500150,Alessandro di Cristofano di Lorenzo Allori,Patent_Examiner
500151,Washington Allston,Patent_Examiner
500152,Jenny Almgren,Patent_Examiner
500153,Anna Aloisi,Patent_Examiner
500154,Glen Earl Alps,Patent_Examiner
500155,Charles Alston,Patent_Examiner
500156,Jakob Alt,Patent_Examiner
500157,Jaroslav Alt,Patent_Examiner
500158,Rudolf von Alt,Patent_Examiner
500159,Albrecht Altdorfer,Patent_Examiner
500160,Erhard Altdorfer,Patent_Examiner
500161,Erhard Altdorffer,Patent_Examiner
500162,tichiero da Zevio ,Patent_Examiner
500163,Harold Altman,Patent_Examiner
500164,Andreas Altomonte,Patent_Examiner
500165,Martino Altomonte,Patent_Examiner
500166,John Altoon,Patent_Examiner
500167,Murray Altshuler,Patent_Examiner
500168,Francisco Alvarez,Patent_Examiner
500169,Manuel Alvarez Bravo,Patent_Examiner
500170,vise dal Friso ,Patent_Examiner
500171,Linnet Alward,Patent_Examiner
500172,Amadio Amadei,Patent_Examiner
500173,Filippo Amadei,Patent_Examiner
500174,Giovanni Antonio Amadeo,Patent_Examiner
500175,Hans Amann,Patent_Examiner
500176,Nicholas Amantea,Patent_Examiner
500177,Bartholomeus Amantius,Patent_Examiner
500178,Francesco Amato,Patent_Examiner
500179,brogio da Fossano ,Patent_Examiner
500180,Nancy Amello,Patent_Examiner
500181,Irving Amen,Patent_Examiner
500182,Gregory Amenoff,Patent_Examiner
500183,Emilio Amero,Patent_Examiner
500184,Ezra Ames,Patent_Examiner
500185,Joseph Alexander Ames,Patent_Examiner
500186,Bernardino Amico,Patent_Examiner
500187,Santiago Amiconi,Patent_Examiner
500188,Cuno Amiet,Patent_Examiner
500189,Jacopo Amigoni,Patent_Examiner
500190,Carl Gustav Amling,Patent_Examiner
500191,Karl Gustav von Amling,Patent_Examiner
500192,Jobst Amman,Patent_Examiner
500193,Jost Amman,Patent_Examiner
500194,Klemens Ammon,Patent_Examiner
500195,acreon ,Patent_Examiner
500196,William Anastasi,Patent_Examiner
500197,Harold Anchel,Patent_Examiner
500198,Edouard Ancourt,Patent_Examiner
500199,Niels Yde Andersen,Patent_Examiner
500200,Alexander Anderson,Patent_Examiner
500201,Alfred Charles Stanley Anderson,Patent_Examiner
500202,Carlos Anderson,Patent_Examiner
500203,Clarence William Anderson,Patent_Examiner
500204,Frank Hartley Anderson,Patent_Examiner
500205,James Anderson,Patent_Examiner
500206,Stanley Anderson,Patent_Examiner
500207,Steve Anderson,Patent_Examiner
500208,Therkel Anderson,Patent_Examiner
500209,Walter Anderson,Patent_Examiner
500210,Walter Inglis Anderson,Patent_Examiner
500211,Mamma Andersson,Patent_Examiner
500212,Chieko Ando,Patent_Examiner
500213,Joe Andoe,Patent_Examiner
500214,Carl Andre,Patent_Examiner
500215,Nicolaus Andrea,Patent_Examiner
500216,Zoan Andrea,Patent_Examiner
500217,drea del Castagno ,Patent_Examiner
500218,drea di Bartolo ,Patent_Examiner
500219,drea di Cione ,Patent_Examiner
500220,Andrea Andreani,Patent_Examiner
500221,Johann Anton Andree,Patent_Examiner
500222,Giorgio di Pietro Andreoli,Patent_Examiner
500223,Vincenzo Andreoli,Patent_Examiner
500224,Mariano Andreu,Patent_Examiner
500225,John Andrew,Patent_Examiner
500226,Julia Andrews,Patent_Examiner
500227,Mari Andrews,Patent_Examiner
500228,Sybil Andrews,Patent_Examiner
500229,Pierre Andrieu,Patent_Examiner
500230,Jacques Androuet du Cerceau I,Patent_Examiner
500231,James Roman Andrus,Patent_Examiner
500232,Vera Andrus,Patent_Examiner
500233,Claude Anet,Patent_Examiner
500234,Anthony Angarola,Patent_Examiner
500235,Giuseppe Angeli,Patent_Examiner
500236,Fra Angelico,Patent_Examiner
500237,Pietro de Angelis,Patent_Examiner
500238,Michael Valenti Angelo,Patent_Examiner
500239,Valenti Angelo,Patent_Examiner
500240,Robert Angeloch,Patent_Examiner
500241,Battista Angolo del Moro,Patent_Examiner
500242,Michel Anguier,Patent_Examiner
500243,Jaime de Angulo,Patent_Examiner
500244,Charlotte Angus,Patent_Examiner
500245,William Angus,Patent_Examiner
500246,Boris Anisfield,Patent_Examiner
500247,James Craig Annan,Patent_Examiner
500248,Thomas Annan,Patent_Examiner
500249,Ina Annette,Patent_Examiner
500250,Louis Annino,Patent_Examiner
500251,onymous Artist ,Patent_Examiner
500252,onymous Chinese Liao Dynasty ,Patent_Examiner
500253,onymous Chinese Ming Dynasty ,Patent_Examiner
500254,onymous Chinese Northern Song Dynasty ,Patent_Examiner
500255,onymous Chinese Qing Dynasty ,Patent_Examiner
500256,onymous Chinese Republic ,Patent_Examiner
500257,onymous Chinese Song Dynasty ,Patent_Examiner
500258,onymous Chinese Southern Song Dynasty ,Patent_Examiner
500259,onymous Chinese Tang Dynasty ,Patent_Examiner
500260,onymous Egyptian Ptolemaic Period ,Patent_Examiner
500261,onymous Fabriczy ,Patent_Examiner
500262,onymous Italian ,Patent_Examiner
500263,onymous Italian or French ,Patent_Examiner
500264,onymous Japanese Edo Period ,Patent_Examiner
500265,onymous Korean Koryo Dynasty ,Patent_Examiner
500266,Louis Anquetin,Patent_Examiner
500267,Giovanni Andrea Ansaldo,Patent_Examiner
500268,sano di Pietro di Mencio ,Patent_Examiner
500269,Richard Ansdell,Patent_Examiner
500270,Luggert van Anse,Patent_Examiner
500271,Michelangelo Anselmi,Patent_Examiner
500272,Giovanni Anselmo,Patent_Examiner
500273,Thomas Anshutz,Patent_Examiner
500274,Thomas Pollock Anshutz,Patent_Examiner
500275,Horst Antes,Patent_Examiner
500276,tico ,Patent_Examiner
500277,the Antique,Patent_Examiner
500278,duc de Montpensier Antoine,Patent_Examiner
500279,Stephen Antonakos,Patent_Examiner
500280,Giuseppe Antonelli,Patent_Examiner
500281,Peter Antonelli,Patent_Examiner
500282,tonello da Messina ,Patent_Examiner
500283,tonello della Moneta ,Patent_Examiner
500284,Annapia Antonini,Patent_Examiner
500285,Carlo Antonini,Patent_Examiner
500286,Fra Antonio da Brescia,Patent_Examiner
500287,tonio da Trento ,Patent_Examiner
500288,Garo Zareh Antreasian,Patent_Examiner
500289,Nemesio Antunez,Patent_Examiner
500290,Richard Anuszkiewicz,Patent_Examiner
500291,Petrus Apianus,Patent_Examiner
500292,Guillaume Apollinaire,Patent_Examiner
500293,Karel Appel,Patent_Examiner
500294,Dieter Appelt,Patent_Examiner
500295,Adolphe Appian,Patent_Examiner
500296,Jacques Barthelemy Appian,Patent_Examiner
500297,Andrea Appiani,Patent_Examiner
500298,Andrea Appiani I,Patent_Examiner
500299,Anne Appleby,Patent_Examiner
500300,Francesco Faraone Aquila,Patent_Examiner
500301,Pompeo Aquilano,Patent_Examiner
500302,akawa ,Patent_Examiner
500303,Shusaku Arakawa,Patent_Examiner
500304,Arelia Arbo,Patent_Examiner
500305,Diane Arbus,Patent_Examiner
500306,Alexander Archipenko,Patent_Examiner
500307,Giuseppe Arcimboldo,Patent_Examiner
500308,Agostino Ardenti,Patent_Examiner
500309,Cesare Aretusi,Patent_Examiner
500310,Bartolomeo Argenterio,Patent_Examiner
500311,Michiko Arima,Patent_Examiner
500312,Lodovico Ariosto,Patent_Examiner
500313,Bruce Ariss,Patent_Examiner
500314,Takeshi Arita,Patent_Examiner
500315,Marcel Arland,Patent_Examiner
500316,man ,Patent_Examiner
500317,Ludmila Armata,Patent_Examiner
500318,Emil Armin,Patent_Examiner
500319,Caroline Helena Armington,Patent_Examiner
500320,John Taylor Arms,Patent_Examiner
